12;632;10;ATCACCCTAT;ATCACCCCAT;62;564;12;TCTGGGGGGTAT;ACACCCCCCACA
18;11902;11;CTATTAACCAC;CTAGTAACCAC;64;11862;11;TGGGGGGTATG;CTTACCCCCCA
66;8151;10;GGGGGTATGC;GGGGGTATAC;125;8094;10;ATCTGTCTTT;AAAAACAGAT
150;10876;10;CTATTATTTA;CTATTTTTTA;203;10830;10;TGTGTTAATT;AATCAACACA
346;5837;10;GCCAAACCCC;GCCTAACCCC;389;5791;10;ATTTCAAATT;AATTTGCAAT
528;7485;11;GCTAACCCCAT;GCCAACCCCAT;575;7430;10;AGTTTATGTA;TACATAAAAT
545;8807;10;AACCAACCAA;AACCACCCAA;611;8749;10;AAAATGTTTA;TAATCATTTT
602;2352;11;AATACACTGAA;AAAACACTGAA;671;2289;10;ATTAGCTCTT;AAGAACTAAT
750;9733;10;ACAAGCATCA;ACAAGCCTCA;815;9687;10;AGCAGTGATT;AAGCACTGCT
789;8826;10;AGCCTAGCCA;AACCTAGCCA;831;8757;10;TAGCAATAAA;TTTATTGCCA
1153;3260;11;AGCTTAAAACT;AACTTAAAACT;1200;3217;10;AGCCTGTTCT;AGAACAGGGT
1229;13296;10;CAACCTCACC;CAACCACACC;1284;13237;11;GAAGGCTACAA;TCGTAGCCTTC
1230;3786;12;AACCTCACCACC;AACCTCTCCACC;1282;3742;10;ATGAAGGCTA;TAGCCATCAT
1355;5255;10;AAATGGGCTA;AAATGGGCCA;1403;5191;10;ACTTAAGGGT;ACCCTTAATT
1355;5255;10;AAATGGGCTA;AAATGGGCCA;1414;5203;10;GAAGGTGGAT;ATCCACCCTC
1697;13652;11;CCTTACTACCA;CCTTACTAACA;1742;13593;10;TATAGGCGAT;AGCGCCTATA
1730;14517;10;ACCCAAATAA;ACCCATATAA;1775;14461;10;GATATAGTAC;GTAGTATATC
1760;7372;10;AAACCTGGCG;AAACCTGGAG;1801;7302;10;AAAATTATAA;TAATAATTTT
1797;2797;10;ATGAAAAATT;ATTAAAAATT;1853;2737;11;TAATGAATTAA;TTAATTTATTA
1867;4174;10;GAAATAACTT;GAAAAAACTT;1921;4110;11;CCTAAGAACAG;CTGTTCTTATG
1898;10933;10;GACCCCCGAA;GACCCCCTAA;1959;10873;10;AAAATAGTGG;CTACTATTTT
1904;11124;11;CGAAACCAGAC;CGAAACCACAC;1971;11061;11;AGATTTATAGG;CCTACAAATCT
1916;13848;10;AGCTACCTAA;AACTACCTAA;1975;13782;15;TTATAGGTAGAGGCG;CCCCTCTACCTAAAA
1924;2105;10;AAGAACAGCT;AGGAACAGCT;1972;2066;10;GATTTATAGG;CCTCTAAATC
1942;15908;10;ACACCCGTCT;ACACCAGTCT;2010;15843;10;GATAGCTGGT;ACCAACTATC
1991;14367;10;CAAACCTACC;CAATCCTACC;2041;14317;10;TCAACTTTAA;TTAAAGTTTA
2233;13529;13;CCCAAACATATAA;CGCAAACATATCA;2294;13467;10;CTAATGTTAG;CTAGCATTAG
2237;4040;10;AACATATAAC;AACATATGAC;2295;3990;10;TAATGTTAGT;ACAAACATTA
2857;5271;10;AAGACTTCAC;AAGAATTCAC;2927;5214;10;CCTAGGGATA;TCTCCCTAGG
3292;15454;10;CTCTTCTTAA;CTCTCCTTAA;3348;15384;10;ATCGCAATGG;CCATTCCGAT
4067;15819;10;CTACACAACA;CTTCACAACA;4136;15755;10;CCCCCGATTC;GAATCGGAGG
4102;12355;10;TAACCTCCCT;TAACCACCCT;4148;12290;10;CTACGACCAA;TTGGTCTTAG
4512;12341;10;CAGGCACACT;CATGCACACT;4581;12276;10;TAGCTTTTAT;ATAACAGCTA
4792;8025;11;AGCCCCCTTTC;AGCCCCCATTC;4848;7968;10;GCCTGCTTCT;AGAACCAGGC
4977;13150;10;TAAACCAAAC;TAATCCAAAC;5030;13110;10;GGATGAATAA;TTACTCATCC
5057;13157;10;AACCCTAACA;AACTCTAACA;5113;13095;11;ATTCCTACTAC;GTAGCAGGAAT
5203;15633;10;ATCCACCCTC;ATCCATCCTC;5267;15582;11;ATCGAAGAATT;AATTCTCCGAT
5445;8078;10;TCCCCACACT;TCCCCACATT;5493;8032;10;TTATACTAAT;ATTCGTATAA
5445;8938;10;TCCCCACACT;TCCCCATACT;5502;8879;11;TAATCTTATAG;CTCTAAGATTA
5468;12949;10;ACGCTACTCC;ACGCTAATCC;5518;12899;10;TAGGTTAAAT;ATTTATCCTA
5480;6490;11;CCTATCTCCCC;CCTATCTCTCC;5529;6449;11;CAGACCAAGAG;CTCTTCGTCTG
5528;15217;10;ACAGACCAAG;ACAGACCTAG;5570;15175;10;TAATTTCTGT;ACAGTAATTA
5532;10282;10;ACCAAGAGCC;ACCATGAGCC;5578;10230;10;GTAACAGCTA;TAGCTATTAC
5927;8820;10;TCTACAAACC;TCTATAAACC;5978;8777;14;GCTGGAGTCCTAGG;CCTCGGACTCCTGC
6208;10968;12;CTGACTCTTACC;CTGACTCCTACC;6268;10919;12;AGGAACAGGTTG;CAACCTTTTCCT
6227;10972;11;CTCCTACTCCT;CTCCTACCCCT;6268;10919;12;AGGAACAGGTTG;CAACCTTTTCCT
6314;6620;10;CACCCTGGAG;CACCCTGAAG;6362;6576;11;GGTGTCTCCTC;GAGGAGACCCC
6413;13872;11;ATAAAACCCCC;ATAAAATCCCC;6475;13822;10;AGCAGTCCTA;TAGGACTTCT
6432;15837;11;CCCAATACCAA;CCTAATACCAA;6482;15796;10;CTACTTCTCC;GGACAAGTAG
6566;8577;10;CCCGCCGGAG;CCCGCCGCAG;6612;8527;10;TTTTCGGTCA;TGAACGAAAA
6659;14523;10;ATAATCTCCC;ATAACCTCCC;6704;14465;10;TTTGGATACA;TATATCCAAA
6678;15410;10;CTTACTACTC;CTTACTACAC;6744;15368;11;GCTTCCTAGGG;CCCTAGGAATC
6678;15438;10;CTTACTACTC;CTTACTTCTC;6744;15368;11;GCTTCCTAGGG;CCCTAGGAATC
6794;7993;10;GACGTAGACA;GACGTTGACA;6858;7944;10;AAGTATTTAG;CTACATACTT
7245;16172;10;CCACATGAAA;CCACATCAAA;7306;16114;10;AATTTTCATG;CATGAATATT
7460;11420;12;TCGAACCCCCCA;TCGAAGCCCCCA;7514;11377;10;AAAAAGGTAT;ATACCTCTTT
7460;11420;12;TCGAACCCCCCA;TCGAAGCCCCCA;7515;11358;10;AAAAGGTATT;AATAGCTTTT
7466;15986;11;CCCCCAAAGCT;CACCCAAAGCT;7514;15933;11;AAAAAGGTATT;AAAACCTTTTT
8275;11506;11;CTCTACCCCCT;CTCAACCCCCT;8335;11458;10;TTAAGAGAAC;GTACTCTTAA
8431;8808;12;ATCACCCAACTA;ACCACCCAACTA;8486;8752;12;CCATAAAAATAA;TCATTTTTATTG
8686;10420;13;CAAAACAAATGAT;CAAAACGAATGAT;8749;10380;11;TAATCATTTTT;AAAAAGGATTA
8694;10449;12;ATGATAACCATA;ATGATAATCATA;8749;10380;11;TAATCATTTTT;AAAAAGGATTA
9058;15317;11;CCCTAGCAATA;CCCTAGCAACA;9116;15247;11;TCTACTGACTA;TACTCAGTAGA
9571;14488;10;CCCGCTAAAT;CCCCCTAAAT;9623;14438;11;TCAGGAGTATC;GATACTCCTCA
10177;15402;10;CTTCGACCCT;CTTCCACCCT;10247;15356;10;TTATTTGATC;GATCAAACAA
11667;14582;10;CCAAACCCCC;CTAAACCCCC;11731;14541;11;TTACTATTCTG;CAGAATAATAA
12009;13448;10;CTCACTCACC;CTCCCTCACC;12065;13390;10;TCATGTTCAT;ATGAACAAGA
12077;14147;11;ACCTATCCCCC;ACCTATTCCCC;12142;14086;10;TATAGTTTAA;TTAAACTTTA
13869;15863;10;AAAATAAAAT;AAAACAAAAT;13913;15802;10;CGGATTCTAC;GTAGCATCCG
14035;14359;11;CACAGCACCAA;CACAGCACCAA;14087;14316;11;TAAACTTTACT;ATTAAAGTTTA
14478;14713;10;AACCATCATT;AACCATCGTT;14542;14669;10;AGAATAATAA;TCATTATTCT
