205;5687;10;TGTTAATTAA;TTAGTTAACA;257;5628;10;CAGCCACTTT;CAGCCACTTT
225;7035;11;TAGGACATAAT;ACTATGTCCTA;273;6991;10;AGACATCATA;AGACATCGTA
256;1023;12;ACAGCCACTTTC;GAAAGTGGCTTT;302;953;12;CCCCCCCTCCCC;CACCCCCTCCCC
575;7430;10;AGTTTATGTA;TACATAAAAT;636;7366;10;CCCCATAAAC;CTCCATAAAC
616;12938;13;GTTTAGACGGGCT;AGCCCTTCTAAAC;658;12883;10;TCCTAGCCTT;TCCTCGCCTT
812;5898;10;AACAGCAGTG;CACTGATGTT;862;5839;10;CTAACCCCAG;CTAACCCCTG
1108;10905;11;AACAGTTAAAT;ATTTAGCTGTT;1149;10845;11;CCACAGCTTAA;CCACAGCCTAA
1203;7836;11;CTGTTCTGTAA;TTACATAACAG;1260;7790;11;CCGCCATCTTC;CCGCCATCATC
1260;3230;12;CCGCCATCTTCA;TTAAGATGGCAG;1309;3167;10;CCCACGTAAA;CCCCCGTAAA
1431;5074;10;TAAACTAAGA;TCTTAATTTA;1494;5011;11;CTCCTCAAGTA;CTCCTCAATTA
1439;5374;10;GAGTAGAGTG;CACACTACTC;1486;5319;16;CCGTCACCCTCCTCAA;CCATCACCCTCCTTAA
1453;4690;10;GTTGAACAGG;CCTCTTCAAC;1496;4636;10;CCTCAAGTAT;CATCAAGTAT
1591;2093;10;TTGGACGAAC;GTTAGTCCAA;1644;2038;10;ATTTCAACTT;AGTTCAACTT
1638;9577;10;TAGGAGATTT;AAATCCCCTA;1689;9511;10;CCACTCCACC;CCACTCCAGC
1741;15572;10;GTATAGGCGA;TCGCCTACAC;1803;15508;10;AATTATAACC;AATTATACCC
1799;15688;10;GAAAAATTAT;ATAATATTTC;1864;15646;10;CTAGAAATAA;CTAGCAATAA
1864;4322;10;CTAGAAATAA;TTATTTCTAG;1931;4274;10;GCTAAAAGAG;GATAAAAGAG
2007;10231;10;GGTGATAGCT;AGCTATTACC;2069;10185;10;CTAAATCCCC;CTATATCCCC
2008;4378;11;GTGATAGCTGG;CCACCTATCAC;2070;4313;11;TAAATCCCCTT;TAAACCCCCTT
2178;3775;11;AAAGCAGCCAC;GTGGCTCCTTT;2231;3713;10;ATCCCAAACA;AGCCCAAACA
2283;6245;10;CTATAGAAGA;TCTGCTATAG;2328;6185;10;CTCCGCATAA;CCCCGCATAA
2344;12168;10;GTCAGATTAA;TGAATCTGAC;2404;12114;10;CATTATTACC;CATCATTACC
2344;11338;10;GTCAGATTAA;TTAATATGAC;2411;11296;10;ACCCTCACTG;ACTCTCACTG
2344;11338;10;GTCAGATTAA;TTAATATGAC;2414;11293;10;CTCACTGTCA;CTCACTCTCA
2381;12135;10;ATATCTACAA;TTGTAAATAT;2436;12066;10;CATGCTCATA;CATGTTCATA
2397;7503;10;AACAAGTCAT;ATGACTTTTT;2457;7446;10;AAAAAAGTAA;AAAAAAGGAA
2437;10856;10;ATGCTCATAA;TTATTAGCAT;2497;10808;10;TTACCAAAAA;TTTCCAAAAA
2451;4547;10;AGGTTAAAAA;TTTTTTACCT;2513;4498;10;CTCTAGCATC;CTCTACCATC
2456;10874;10;AAAAAAAGTA;TACTATTTTT;2497;10808;10;TTACCAAAAA;TTTCCAAAAA
2601;2913;13;TCACTTGTTCCTT;ACGGAACAAGTTA;2668;2865;10;ACCAGTGAAA;ACCAGTCAAA
2603;6268;10;ACTTGTTCCT;AGGAACAGGT;2652;6208;11;CTGTCTCTTAC;CTGACTCTTAC
2662;5824;11;CTTTTAACCAG;CTGGTAAAAAG;2718;5757;10;GAGAAGACCC;GAGAAGCCCC
3062;12658;12;GATCTGAGTTCA;TAAACTCAGACC;3112;12599;13;ATTCCTCCCTGTA;ATTCATCCCTGTA
3173;3855;10;TAAATGATAT;ATATGATTTA;3212;3807;11;ACCCAAGAACA;ACACAAGAACA
3361;13469;10;TCCTAATGCT;AGCATTAGCA;3401;13418;10;ACTACGCAAA;ACTACTCAAA
3529;4531;10;CGACCTTAGC;GCTAAGCTCG;3582;4472;10;AACCCCCTGG;AATCCCCTGG
3554;7631;10;TCTACTATGA;TCATAGAAGA;3610;7571;10;TCCTATTTAT;TCCTATATAT
3556;16302;10;TACTATGAAC;GTACATAGTA;3623;16253;10;AGCCACCTCT;AGCCACCCCT
3609;7045;11;CTCCTATTTAT;ATCAATAGGAG;3671;6976;10;ATCAAACTCA;AGCAAACTCA
3928;9735;10;TCTCAGGCTT;AAGCCTCAGA;3997;9696;10;TTATTATAAT;TTATTACAAT
3928;8510;10;TCTCAGGCTT;AACCCTGAGA;3986;8451;10;ATACACAAAC;AAACACAAAC
3933;11417;11;GGCTTCAACAT;ATGTCGAAGCC;4000;11366;10;TTATAATAAA;TTATAGTAAA
3955;15878;10;CAGGCCCCTT;AATGGGCCTG;4019;15822;10;CACTACAATC;CACAACAATC
3972;4170;10;TTCTTCATAG;CTATGAAAAA;4036;4126;10;GAACAACATA;GAACAGCATA
4163;15608;10;ACACCTCCTA;TAGGAGGCGT;4211;15558;10;ATGATATGTC;ATGATATTTC
4172;16022;10;ATGAAAAAAC;GTTCTTTCAT;4238;15974;10;CTCCAGCATT;CTCCACCATT
4322;15644;12;TTATTTCTAGGA;TCCTAGCAATAA;4364;15579;12;CAAAATTCTCCG;CACAATTCTCCG
4557;8566;14;GAGTAGGCCTAGAA;TCCTAGGCCTACCC;4609;8506;10;AATAAACCCT;AACAAACCCT
4697;10406;10;AACAATATAC;GTATATAGTT;4745;10338;10;TACTCATCAT;TAATCATCAT
4697;10406;10;AACAATATAC;GTATATAGTT;4753;10336;12;ATTAATAATCAT;ATTAATCATCAT
4966;14049;10;TTGAGGTGGA;TCCACCTCCA;5007;13982;10;CATACTCCTC;CCTACTCCTC
5059;6373;10;CCCTAACATA;TATCTTAGGG;5101;6305;10;AACTACTACC;AACTACTCCC
5073;14497;11;TTCTTAATTTA;TAAATTAAAAA;5118;14440;10;TACTACTCAA;TACTCCTCAA
5091;15685;10;ATATTATCCT;AGCATAATAT;5148;15623;13;CCCTACTACTATC;CCCTATTACTATC
5220;9021;12;TAGGAGGCCTGC;GCAGGCCACCTA;5284;8980;11;AAACAATAGCC;AACCAATAGCC
5221;15733;11;AGGAGGCCTGC;GCAGACCTCCT;5280;15675;10;CAAAAAACAA;CAAACAACAA
5407;13810;10;AAAATGACAG;CTGTCACTTT;5455;13759;10;CATCGCCCTT;CATCCCCCTT
5416;14195;10;GTTTGAACAT;ATGTTCAACC;5468;14127;12;ACGCTACTCCTA;ACCCTACTCCTA
5825;9504;10;TGGTAAAAAG;CCTTTTACCA;5884;9463;10;TTTTACCTCA;TATTACCTCA
5847;14468;11;TGTCTTTAGAT;ATCCAAAGACA;5888;14410;11;ACCTCACCCCC;ACCTCAACCCC
5847;14468;11;TGTCTTTAGAT;ATCCAAAGACA;5889;14419;11;CCTCACCCCCA;CCTGACCCCCA
5987;10559;10;CTAGGCACAG;CTATGCCTAG;6041;10514;10;CTTCTAGGTA;CTTCTAGGAA
5998;14601;12;TCTAAGCCTCCT;AGAAGGCTTAGA;6052;14558;10;CGACCACATC;CGACCACACC
6251;11867;10;ATAGTGGAGG;CCCCCACTAT;6307;11809;10;CTACTCCCAC;CTACTCCCAC
6938;15861;10;TTTCTTTTCA;TGAAAACAAA;6997;15810;10;CGTACTACAC;CGTACTATAC
7092;14595;10;TTCCCCTATT;AATAGGAGAA;7131;14533;10;CCAAAATCCA;CCAAAATTCA
7301;8442;11;TTAATAATTTT;AAAAATATTAA;7364;8392;10;CCCTCCATAA;CCCACCATAA
7602;9339;10;AGTAGGTCTA;TAGGCCTACT;7663;9275;11;GCCCTCATAAT;GCCCTCCTAAT
7960;15370;10;TTATTCCTAG;CTAGGAATCA;8020;15310;10;ATTGAAGCCC;ATTGCAGCCC
8170;14031;11;TGCTCTGAAAT;ATTTCACAGCA;8210;13987;10;TCGTCCTAGA;TCCTCCTAGA
8213;10513;10;TCCTAGAATT;ACTTCTAGGA;8253;10457;10;CGTATTTACC;CATATTTACC
8694;11147;10;ATGATAACCA;TGGCTATCAT;8749;11102;11;TAATCATTTTT;TAATCATATTT
8735;10521;13;TATACTAGTATCC;GAATACTAGTATA;8793;10473;12;CACTCATTTACA;CCCTCATTTACA
9475;11028;12;AGTTTTTTTCTT;ACGAAAAAAACT;9525;10972;13;CCCCTACCCCCCA;CTCCTACCCCTCA
9922;13059;10;CTGATACTGG;CCAGTCTCAG;9962;13015;10;TATGTCTCCA;TAGGTCTCCA
9951;15959;10;GACTATTTCT;AGAAAAAGTC;9993;15890;13;CTTTTAGTATAAA;CTTGTAGTATAAA
10001;10874;10;ATAAATAGTA;TACTATTTTT;10071;10823;10;TAATTTTAAT;TAATTTGAAT
10038;16116;10;ACAACATTCA;TGAATATTGT;10082;16073;10;ATCAACACCC;ATCAACAACC
10228;10593;11;AGTAGCTATTA;TTATAGCTACT;10278;10554;10;CCCTACCATG;CCCTACTATG
10587;13387;10;TGTTCATTAT;ACAATGAACA;10652;13344;11;GCCATACTAGT;GCCATACTATT
10637;15686;10;AATATTGTGC;GCATAATATT;10690;15618;10;CCTAGCCCTA;CCTTGCCCTA
11359;12276;11;ATAGCTTTTAT;ATAACAGCTAT;11423;12233;10;AAGCCCCCAT;ATGCCCCCAT
11443;13081;10;ATAGTACTTG;CAAGCACTAT;11505;13019;10;TCTCAACCCC;TCTCCACCCC
12288;14739;10;CATTGGTCTT;AACACCAATG;12351;14686;11;ACTATAACCAC;ACTACAACCAC
13241;14599;10;AGCCTTCTCC;GGAGAAGGCT;13295;14557;11;CCAACCACACC;CCGACCACACC
13406;15333;12;AAAAATAGGAGG;CCTCCTATTCTT;13447;15263;10;CCTCCCTCAC;CCACCCTCAC
13411;13984;11;TAGGAGGACTA;TACTCCTCCTA;13464;13921;10;AGCCTAGCAT;ACCCTAGCAT
13454;14995;10;CACCATTGGC;GCCAATGGCG;13512;14944;10;GACCACATCA;GCCCACATCA
